{
    "connection":{
        "user" : "webUser",
        "password": "Password@12345",
        "server" : "sswd-dbx00139120.database.windows.net",
        "database" : "SSWD-DB",
        "parseJSON": true,
        "options":
        {
            "encrypt" : true
        },
        "pool":
        {
        "min": 2,
        "max": 4,
        "idleTimeoutMillis": 30000
        }
    },
    "keys": {
        "secret": "the secret key should be at at least 64 chars long (giving 256 bit key) and difficult to guess"
    }
}
